{
  "hash": "b24cb324",
  "configHash": "0b61b757",
  "lockfileHash": "14578728",
  "browserHash": "96acac7a",
  "optimized": {
    "@angular/common/http": {
      "src": "../../../../../../node_modules/@angular/common/fesm2022/http.mjs",
      "file": "@angular_common_http.js",
      "fileHash": "f41d1d7f",
      "needsInterop": false
    },
    "@angular/core": {
      "src": "../../../../../../node_modules/@angular/core/fesm2022/core.mjs",
      "file": "@angular_core.js",
      "fileHash": "3057b340",
      "needsInterop": false
    },
    "@angular/forms": {
      "src": "../../../../../../node_modules/@angular/forms/fesm2022/forms.mjs",
      "file": "@angular_forms.js",
      "fileHash": "7f4a246d",
      "needsInterop": false
    },
    "@angular/platform-browser": {
      "src": "../../../../../../node_modules/@angular/platform-browser/fesm2022/platform-browser.mjs",
      "file": "@angular_platform-browser.js",
      "fileHash": "3aa1f1b6",
      "needsInterop": false
    },
    "@angular/router": {
      "src": "../../../../../../node_modules/@angular/router/fesm2022/router.mjs",
      "file": "@angular_router.js",
      "fileHash": "48c7fac8",
      "needsInterop": false
    },
    "@ng-bootstrap/ng-bootstrap": {
      "src": "../../../../../../node_modules/@ng-bootstrap/ng-bootstrap/fesm2022/ng-bootstrap.mjs",
      "file": "@ng-bootstrap_ng-bootstrap.js",
      "fileHash": "ec68669a",
      "needsInterop": false
    },
    "@angular/common": {
      "src": "../../../../../../node_modules/@angular/common/fesm2022/common.mjs",
      "file": "@angular_common.js",
      "fileHash": "ec8f9fac",
      "needsInterop": false
    }
  },
  "chunks": {
    "chunk-4GBTOFOD": {
      "file": "chunk-4GBTOFOD.js"
    },
    "chunk-R6FBOIZU": {
      "file": "chunk-R6FBOIZU.js"
    },
    "chunk-OLVMO2UR": {
      "file": "chunk-OLVMO2UR.js"
    },
    "chunk-UAGSG5OE": {
      "file": "chunk-UAGSG5OE.js"
    },
    "chunk-7U244Q32": {
      "file": "chunk-7U244Q32.js"
    }
  }
}